FileName,Size,Type,CompressionRatio,EncodedTreeSize,TextToTreeDuration,CompressionTime,DecompressionTime,CompressedSize
tools-virtio-ringtest-README,105,/Users/marekberan/Code/SP/tree-compression/src/ConsoleApp/bin/Debug/net9.0/Resources/Texts/technical_docs/kernel_docs,2.066666666666667,159,00:00:00.6434390,00:00:00.0027910,00:00:00.0013250,217
fs-qnx4-README,113,/Users/marekberan/Code/SP/tree-compression/src/ConsoleApp/bin/Debug/net9.0/Resources/Texts/technical_docs/kernel_docs,2.017699115044248,161,00:00:00.6428120,00:00:00.0000570,00:00:00.0000510,228
drivers-hid-bpf-entrypoints-README,184,/Users/marekberan/Code/SP/tree-compression/src/ConsoleApp/bin/Debug/net9.0/Resources/Texts/technical_docs/kernel_docs,1.9945652173913044,279,00:00:00.6500340,00:00:00.0000440,00:00:00.0000350,367
net-decnet-README,209,/Users/marekberan/Code/SP/tree-compression/src/ConsoleApp/bin/Debug/net9.0/Resources/Texts/technical_docs/kernel_docs,1.708133971291866,272,00:00:00.6436680,00:00:00.0000390,00:00:00.0000280,357
sound-oss-README.FIRST,220,/Users/marekberan/Code/SP/tree-compression/src/ConsoleApp/bin/Debug/net9.0/Resources/Texts/technical_docs/kernel_docs,1.8227272727272728,300,00:00:00.6689450,00:00:00.0000840,00:00:00.0000340,401
Bent v Gough [1992] FCA 267 ; (1992) 36 FCR 204.txt,242,/Users/marekberan/Code/SP/tree-compression/src/ConsoleApp/bin/Debug/net9.0/Resources/Texts/legal_papers,1.8264462809917354,319,00:00:00.6852310,00:00:00.0009950,00:00:00.0002360,442
kernel-bpf-preload-iterators-README,288,/Users/marekberan/Code/SP/tree-compression/src/ConsoleApp/bin/Debug/net9.0/Resources/Texts/technical_docs/kernel_docs,1.46875,420,00:00:00.6575360,00:00:00.0001810,00:00:00.0000400,423
Documentation-serial-README.cycladesZ,293,/Users/marekberan/Code/SP/tree-compression/src/ConsoleApp/bin/Debug/net9.0/Resources/Texts/technical_docs/kernel_docs,1.6109215017064846,372,00:00:00.6564900,00:00:00.0000520,00:00:00.0000310,472
arch-powerpc-boot-README,327,/Users/marekberan/Code/SP/tree-compression/src/ConsoleApp/bin/Debug/net9.0/Resources/Texts/technical_docs/kernel_docs,1.4403669724770642,447,00:00:00.6654680,00:00:00.0001700,00:00:00.0002540,471
Documentation-isdn-README.mISDN,328,/Users/marekberan/Code/SP/tree-compression/src/ConsoleApp/bin/Debug/net9.0/Resources/Texts/technical_docs/kernel_docs,1.7560975609756098,426,00:00:00.6686520,00:00:00.0000620,00:00:00.0000820,576
Documentation-arm-OMAP-README,385,/Users/marekberan/Code/SP/tree-compression/src/ConsoleApp/bin/Debug/net9.0/Resources/Texts/technical_docs/kernel_docs,0.8207792207792208,500,00:00:00.6720440,00:00:00.0001210,00:00:00.0000310,316
Collector of Customs v Pozzolanic Enterprises Pty Ltd [1993] FCA 322 ; (1993) 43 FCR 280.txt,420,/Users/marekberan/Code/SP/tree-compression/src/ConsoleApp/bin/Debug/net9.0/Resources/Texts/legal_papers,1.7595238095238095,554,00:00:00.6723700,00:00:00.0000680,00:00:00.0000520,739
"WACF v Minister for Immigration &amp; Multicultural &amp; Indigenous Affairs [2003] FCA 1385 , 79 ALD 154.txt",420,/Users/marekberan/Code/SP/tree-compression/src/ConsoleApp/bin/Debug/net9.0/Resources/Texts/legal_papers,1.4357142857142857,555,00:00:00.6781790,00:00:00.0001400,00:00:00.0000460,603
S157_2002 v Commonwealth (2003) 211 CLR 476.txt,443,/Users/marekberan/Code/SP/tree-compression/src/ConsoleApp/bin/Debug/net9.0/Resources/Texts/legal_papers,1.6862302483069977,594,00:00:00.6747050,00:00:00.0001080,00:00:00.0000730,747
arch-m68k-hp300-README.hp300,489,/Users/marekberan/Code/SP/tree-compression/src/ConsoleApp/bin/Debug/net9.0/Resources/Texts/technical_docs/kernel_docs,1.7586912065439673,666,00:00:00.6690200,00:00:00.0000740,00:00:00.0000550,860
Telstra Corporation Ltd v AAPT Ltd [1997] 38 IPR 530.txt,494,/Users/marekberan/Code/SP/tree-compression/src/ConsoleApp/bin/Debug/net9.0/Resources/Texts/legal_papers,1.6680161943319838,644,00:00:00.6655070,00:00:00.0001290,00:00:00.0000710,824
Bahonko v Royal Melbourne Institute of Technology [2006] FCA 1492.txt,504,/Users/marekberan/Code/SP/tree-compression/src/ConsoleApp/bin/Debug/net9.0/Resources/Texts/legal_papers,1.4841269841269842,639,00:00:00.6835380,00:00:00.0001880,00:00:00.0000530,748
Arthur v Vaupotic Investments Pty Ltd [2005] FCA 433.txt,528,/Users/marekberan/Code/SP/tree-compression/src/ConsoleApp/bin/Debug/net9.0/Resources/Texts/legal_papers,1.808712121212121,743,00:00:00.6893930,00:00:00.0002430,00:00:00.0000760,955
Hamilhall Pty Ltd v AT Phillips Pty Ltd [1994] FCA 1446 ; (1994) 54 FCR 173.txt,551,/Users/marekberan/Code/SP/tree-compression/src/ConsoleApp/bin/Debug/net9.0/Resources/Texts/legal_papers,1.4210526315789473,718,00:00:00.6860650,00:00:00.0003150,00:00:00.0000590,783
arch-m68k-ifpsp060-src-README-SRC,554,/Users/marekberan/Code/SP/tree-compression/src/ConsoleApp/bin/Debug/net9.0/Resources/Texts/technical_docs/kernel_docs,1.351985559566787,710,00:00:00.6819210,00:00:00.0001150,00:00:00.0000710,749
Krueger Transport Equipment Pty Ltd v Glen Cameron Storage &amp; Distribution Pty Ltd [2008] FCA 803.txt,569,/Users/marekberan/Code/SP/tree-compression/src/ConsoleApp/bin/Debug/net9.0/Resources/Texts/legal_papers,1.4551845342706502,734,00:00:00.6935130,00:00:00.0001600,00:00:00.0000580,828
Tobacco Institute of Australia Limited v Australian Federation of Consumer Organisations Incorporated [1992] FCA 630 ; (1992) 38 FCR 1.txt,593,/Users/marekberan/Code/SP/tree-compression/src/ConsoleApp/bin/Debug/net9.0/Resources/Texts/legal_papers,1.6458684654300169,763,00:00:00.6919940,00:00:00.0001800,00:00:00.0000620,976
Rael Marcus v Sabra International Pty Ltd [1995] FCA 1059 ; (1995) 30 IPR 261.txt,607,/Users/marekberan/Code/SP/tree-compression/src/ConsoleApp/bin/Debug/net9.0/Resources/Texts/legal_papers,1.6672158154859966,777,00:00:00.7024340,00:00:00.0001390,00:00:00.0000680,1012
Seymour v Australian Broadcasting Commission (1977) 19 NSWLR 219.txt,612,/Users/marekberan/Code/SP/tree-compression/src/ConsoleApp/bin/Debug/net9.0/Resources/Texts/legal_papers,1.630718954248366,778,00:00:00.6935040,00:00:00.0015900,00:00:00.0000740,998
Documentation-blockdev-drbd-README.txt,612,/Users/marekberan/Code/SP/tree-compression/src/ConsoleApp/bin/Debug/net9.0/Resources/Texts/technical_docs/kernel_docs,1.6127450980392157,804,00:00:00.6761430,00:00:00.0001900,00:00:00.0000560,987
Minister for Local Government v South Sydney City Council [2002] NSWCA 288 ; 55 NSWLR 381.txt,618,/Users/marekberan/Code/SP/tree-compression/src/ConsoleApp/bin/Debug/net9.0/Resources/Texts/legal_papers,1.5420711974110033,771,00:00:00.6808580,00:00:00.0002400,00:00:00.0000690,953
NuLife Insurance Ltd v Norwich Union Life Australia Ltd [2005] FCA 1635.txt,619,/Users/marekberan/Code/SP/tree-compression/src/ConsoleApp/bin/Debug/net9.0/Resources/Texts/legal_papers,1.5508885298869144,790,00:00:00.6838480,00:00:00.0002280,00:00:00.0000820,960
Evans Medical Ltd's Patent [1998] RPC 517.txt,631,/Users/marekberan/Code/SP/tree-compression/src/ConsoleApp/bin/Debug/net9.0/Resources/Texts/legal_papers,1.4992076069730587,794,00:00:00.6851750,00:00:00.0001450,00:00:00.0000570,946
arch-parisc-math-emu-README,634,/Users/marekberan/Code/SP/tree-compression/src/ConsoleApp/bin/Debug/net9.0/Resources/Texts/technical_docs/kernel_docs,1.6908517350157728,841,00:00:00.6846580,00:00:00.0001860,00:00:00.0000820,1072
Deputy Commissioner of Taxation v Lanstel Pty Ltd (1996) 22 ACSR 314.txt,667,/Users/marekberan/Code/SP/tree-compression/src/ConsoleApp/bin/Debug/net9.0/Resources/Texts/legal_papers,1.6041979010494753,868,00:00:00.6930270,00:00:00.0002070,00:00:00.0000760,1070
Anthony Hordern and Sons Ltd v Amalgamated Clothing and Allied Trades Union of Australia [1932] HCA 9 ; (1932) 47 CLR 1.txt,674,/Users/marekberan/Code/SP/tree-compression/src/ConsoleApp/bin/Debug/net9.0/Resources/Texts/legal_papers,1.6572700296735905,855,00:00:00.6855080,00:00:00.0001410,00:00:00.0000690,1117
Jones v Australian Competition &amp; Consumer Commission [2002] FCA 1054 ; 76 ALD 424.txt,675,/Users/marekberan/Code/SP/tree-compression/src/ConsoleApp/bin/Debug/net9.0/Resources/Texts/legal_papers,1.6222222222222222,868,00:00:00.6816440,00:00:00.0002920,00:00:00.0000670,1095
Advanced Building Systems Pty Ltd v Ramset Fasteners (Aust) Pty Ltd [1998] HCA 19 ; (1998) 194 CLR 171.txt,695,/Users/marekberan/Code/SP/tree-compression/src/ConsoleApp/bin/Debug/net9.0/Resources/Texts/legal_papers,1.683453237410072,923,00:00:00.6918370,00:00:00.0003180,00:00:00.0000950,1170
Boughey v The Queen [1986] HCA 29 ; (1986) 161 CLR 10.txt,722,/Users/marekberan/Code/SP/tree-compression/src/ConsoleApp/bin/Debug/net9.0/Resources/Texts/legal_papers,1.7534626038781163,963,00:00:00.6945960,00:00:00.0002160,00:00:00.0000840,1266
TPC v Mobil Oil Australia Limited [1984] FCA 363 ; (1985) 4 FCR 296.txt,723,/Users/marekberan/Code/SP/tree-compression/src/ConsoleApp/bin/Debug/net9.0/Resources/Texts/legal_papers,1.5546334716459198,906,00:00:00.7509170,00:00:00.0001340,00:00:00.0000620,1124
Ting v Blanche [1993] FCA 524 ; (1993) 118 ALR 543.txt,731,/Users/marekberan/Code/SP/tree-compression/src/ConsoleApp/bin/Debug/net9.0/Resources/Texts/legal_papers,1.5294117647058822,941,00:00:00.6982120,00:00:00.0001470,00:00:00.0000780,1118
Documentation-isdn-README.FAQ,733,/Users/marekberan/Code/SP/tree-compression/src/ConsoleApp/bin/Debug/net9.0/Resources/Texts/technical_docs/kernel_docs,1.6234652114597545,990,00:00:00.6875190,00:00:00.0002150,00:00:00.0000740,1190
Kortz Ltd v Data Acquisition Pty Ltd [2006] FCA 1722 ; (2006) 155 FCR 556.txt,750,/Users/marekberan/Code/SP/tree-compression/src/ConsoleApp/bin/Debug/net9.0/Resources/Texts/legal_papers,1.5746666666666667,941,00:00:00.7001560,00:00:00.0001640,00:00:00.0000720,1181
Director of Consumer Affairs v City Finance Loans (Credit) [2005] VCAT 1989.txt,751,/Users/marekberan/Code/SP/tree-compression/src/ConsoleApp/bin/Debug/net9.0/Resources/Texts/legal_papers,1.6804260985352863,966,00:00:00.6954600,00:00:00.0001450,00:00:00.0000690,1262
Journal Pre-proof Atypical lung feature on chest CT in a lung adenocarcinoma cancer patient infected with COVID-19 Letters Atypical lung feature on chest CT in a lung adenocarcinoma cancer patient infected with COVID-19.txt,784,/Users/marekberan/Code/SP/tree-compression/src/ConsoleApp/bin/Debug/net9.0/Resources/Texts/research_papers,1.6326530612244898,1031,00:00:00.6949260,00:00:00.0002300,00:00:00.0000840,1280
Slack v Bottoms English Solicitors [2003] FCA 1337.txt,785,/Users/marekberan/Code/SP/tree-compression/src/ConsoleApp/bin/Debug/net9.0/Resources/Texts/legal_papers,1.5719745222929937,1020,00:00:00.7090150,00:00:00.0001730,00:00:00.0000860,1234
Australian Conservation Foundation v Forestry Commission (1988) 81 ALR 166.txt,787,/Users/marekberan/Code/SP/tree-compression/src/ConsoleApp/bin/Debug/net9.0/Resources/Texts/legal_papers,1.5946632782719188,1034,00:00:00.7065140,00:00:00.0003010,00:00:00.0000960,1255
VUAX v Minister for Immigration &amp; Multicultural &amp; Indigenous Affairs [2004] FCAFC 158.txt,819,/Users/marekberan/Code/SP/tree-compression/src/ConsoleApp/bin/Debug/net9.0/Resources/Texts/legal_papers,1.4017094017094016,1022,00:00:00.7049700,00:00:00.0003090,00:00:00.0000820,1148
Cadbury Schweppes Pty Ltd v Darrell Lea Chocolate Shops Pty Ltd (2007) 159 FCR 397.txt,843,/Users/marekberan/Code/SP/tree-compression/src/ConsoleApp/bin/Debug/net9.0/Resources/Texts/legal_papers,1.6429418742586002,1089,00:00:00.7009990,00:00:00.0002640,00:00:00.0000960,1385
Documentation-nios2-README,862,/Users/marekberan/Code/SP/tree-compression/src/ConsoleApp/bin/Debug/net9.0/Resources/Texts/technical_docs/kernel_docs,1.4663573085846868,1127,00:00:00.6955690,00:00:00.0002510,00:00:00.0000740,1264
NBKM v Minister for Immigration and Citizenship [2007] FCA 1413.txt,875,/Users/marekberan/Code/SP/tree-compression/src/ConsoleApp/bin/Debug/net9.0/Resources/Texts/legal_papers,1.456,1116,00:00:00.7050850,00:00:00.0002370,00:00:00.0000930,1274
Rickard Constructions Pty Ltd v Rickard Hails Moretti Pty Ltd [2004] NSWSC 1041 ; (2004) 220 ALR 267.txt,882,/Users/marekberan/Code/SP/tree-compression/src/ConsoleApp/bin/Debug/net9.0/Resources/Texts/legal_papers,1.6485260770975056,1133,00:00:00.7065600,00:00:00.0004300,00:00:00.0000970,1454
Revis v Murphy [2008] FMCA 1638.txt,885,/Users/marekberan/Code/SP/tree-compression/src/ConsoleApp/bin/Debug/net9.0/Resources/Texts/legal_papers,1.3728813559322033,1115,00:00:00.7049590,00:00:00.0002180,00:00:00.0000800,1215
SZMZV v Minister for Immigration and Citizenship [2009] FMCA 617.txt,904,/Users/marekberan/Code/SP/tree-compression/src/ConsoleApp/bin/Debug/net9.0/Resources/Texts/legal_papers,1.4336283185840708,1145,00:00:00.7082400,00:00:00.0002290,00:00:00.0000800,1296
Plaintiff S157 of 2002 v Commonwealth of Australia [2003] HCA 2 ; (2003) 211 CLR 476.txt,914,/Users/marekberan/Code/SP/tree-compression/src/ConsoleApp/bin/Debug/net9.0/Resources/Texts/legal_papers,1.3172866520787747,1164,00:00:00.7065240,00:00:00.0002440,00:00:00.0000760,1204
Bromley London Borough Council v Greater London Council [1983] 1 AC 768.txt,917,/Users/marekberan/Code/SP/tree-compression/src/ConsoleApp/bin/Debug/net9.0/Resources/Texts/legal_papers,1.5321701199563795,1142,00:00:00.7033790,00:00:00.0001100,00:00:00.0000860,1405
R v Macfarlane; Ex parte O'Flanagan [1923] HCA 39 ; (1923) 32 CLR 518.txt,933,/Users/marekberan/Code/SP/tree-compression/src/ConsoleApp/bin/Debug/net9.0/Resources/Texts/legal_papers,1.512325830653805,1205,00:00:00.7145140,00:00:00.0021270,00:00:00.0000990,1411
drivers-bcma-README,956,/Users/marekberan/Code/SP/tree-compression/src/ConsoleApp/bin/Debug/net9.0/Resources/Texts/technical_docs/kernel_docs,1.5177824267782427,1275,00:00:00.7025330,00:00:00.0003440,00:00:00.0000940,1451
Building Workers' Industrial Union of Australia and Others v Odco Pty Ltd (1991) 29 FCR 104.txt,966,/Users/marekberan/Code/SP/tree-compression/src/ConsoleApp/bin/Debug/net9.0/Resources/Texts/legal_papers,1.4772256728778468,1206,00:00:00.7061800,00:00:00.0002650,00:00:00.0000760,1427
Macquarie Bank Ltd v Seagle [2005] FCA 1239 ; (2005) 146 FCR 400.txt,976,/Users/marekberan/Code/SP/tree-compression/src/ConsoleApp/bin/Debug/net9.0/Resources/Texts/legal_papers,1.3586065573770492,1303,00:00:00.7148790,00:00:00.0004020,00:00:00.0000780,1326
arch-cris-boot-compressed-README,991,/Users/marekberan/Code/SP/tree-compression/src/ConsoleApp/bin/Debug/net9.0/Resources/Texts/technical_docs/kernel_docs,1.5075681130171543,1317,00:00:00.7000630,00:00:00.0003270,00:00:00.0001100,1494
Prasad v Minister for Immigration &amp; Ethnic Affairs (1985) 6 FCR 155.txt,1030,/Users/marekberan/Code/SP/tree-compression/src/ConsoleApp/bin/Debug/net9.0/Resources/Texts/legal_papers,1.4553398058252427,1326,00:00:00.7052000,00:00:00.0003280,00:00:00.0000930,1499
tools-tracing-rtla-README.txt,1031,/Users/marekberan/Code/SP/tree-compression/src/ConsoleApp/bin/Debug/net9.0/Resources/Texts/technical_docs/kernel_docs,1.361784675072745,1314,00:00:00.6984700,00:00:00.0001870,00:00:00.0000880,1404
drivers-parisc-README.dino,1044,/Users/marekberan/Code/SP/tree-compression/src/ConsoleApp/bin/Debug/net9.0/Resources/Texts/technical_docs/kernel_docs,1.524904214559387,1360,00:00:00.7044000,00:00:00.0003820,00:00:00.0001150,1592
tools-verification-rv-README.txt,1066,/Users/marekberan/Code/SP/tree-compression/src/ConsoleApp/bin/Debug/net9.0/Resources/Texts/technical_docs/kernel_docs,1.3883677298311445,1345,00:00:00.6946450,00:00:00.0002150,00:00:00.0000830,1480
Mills v Meeking [1990] HCA 6 ; (1990) 169 CLR 214.txt,1072,/Users/marekberan/Code/SP/tree-compression/src/ConsoleApp/bin/Debug/net9.0/Resources/Texts/legal_papers,1.5988805970149254,1374,00:00:00.7072110,00:00:00.0003320,00:00:00.0001040,1714
Minister for Immigration and Multicultural Affairs v SZFDE [2006] FCAFC 142.txt,1103,/Users/marekberan/Code/SP/tree-compression/src/ConsoleApp/bin/Debug/net9.0/Resources/Texts/legal_papers,1.4533091568449683,1392,00:00:00.7168640,00:00:00.0004030,00:00:00.0000900,1603
Ian David Morwood v Chemdata Pty Ltd [1998] FCA 194.txt,1105,/Users/marekberan/Code/SP/tree-compression/src/ConsoleApp/bin/Debug/net9.0/Resources/Texts/legal_papers,1.3384615384615384,1416,00:00:00.7148560,00:00:00.0007610,00:00:00.0001150,1479
Documentation-isdn-README.fax,1111,/Users/marekberan/Code/SP/tree-compression/src/ConsoleApp/bin/Debug/net9.0/Resources/Texts/technical_docs/kernel_docs,1.4446444644464447,1511,00:00:00.7119700,00:00:00.0005800,00:00:00.0001190,1605
tools-io_uring-README,1112,/Users/marekberan/Code/SP/tree-compression/src/ConsoleApp/bin/Debug/net9.0/Resources/Texts/technical_docs/kernel_docs,1.5107913669064748,1493,00:00:00.7006190,00:00:00.0002590,00:00:00.0000920,1680
NBKT v Minister for Immigration and Multicultural Affairs [2006] FCAFC 195 ; (2006) 156 FCR 419.txt,1143,/Users/marekberan/Code/SP/tree-compression/src/ConsoleApp/bin/Debug/net9.0/Resources/Texts/legal_papers,1.458442694663167,1427,00:00:00.7246800,00:00:00.0004310,00:00:00.0001110,1667
"Ragata Develpopments Pty Ltd v Westpac Banking Corporation (unreported, Federal Court of Australia, Davies J, 5 March 1993).txt",1149,/Users/marekberan/Code/SP/tree-compression/src/ConsoleApp/bin/Debug/net9.0/Resources/Texts/legal_papers,1.639686684073107,1498,00:00:00.7343110,00:00:00.0003590,00:00:00.0001110,1884
Australian Coal and Shale Employees' Federation v Commonwealth [1953] HCA 25 ; (1953) 94 CLR 621.txt,1167,/Users/marekberan/Code/SP/tree-compression/src/ConsoleApp/bin/Debug/net9.0/Resources/Texts/legal_papers,1.497000856898029,1491,00:00:00.7154790,00:00:00.0003800,00:00:00.0001080,1747
tools-testing-selftests-zram-README,1167,/Users/marekberan/Code/SP/tree-compression/src/ConsoleApp/bin/Debug/net9.0/Resources/Texts/technical_docs/kernel_docs,1.546700942587832,1521,00:00:00.7052400,00:00:00.0001980,00:00:00.0000890,1805
United States Sunset Review of Anti-Dumping Duties on Corrosion-Resistant Carbon Steel Flat Products from Japan (AB-2003-5).txt,1175,/Users/marekberan/Code/SP/tree-compression/src/ConsoleApp/bin/Debug/net9.0/Resources/Texts/legal_papers,1.563404255319149,1506,00:00:00.7342150,00:00:00.0004830,00:00:00.0001200,1837
Allstate Life Insurance Co v ANZ Banking Group Ltd [1995] FCA 660.txt,1196,/Users/marekberan/Code/SP/tree-compression/src/ConsoleApp/bin/Debug/net9.0/Resources/Texts/legal_papers,1.5551839464882944,1546,00:00:00.7168540,00:00:00.0002040,00:00:00.0001040,1860
Sebastian v Minister for Immigration and Multicultural and Indigenous Affairs [2005] FCAFC 31.txt,1213,/Users/marekberan/Code/SP/tree-compression/src/ConsoleApp/bin/Debug/net9.0/Resources/Texts/legal_papers,1.4171475680131904,1502,00:00:00.7384350,00:00:00.0005710,00:00:00.0001040,1719
Documentation-frv-README.txt,1215,/Users/marekberan/Code/SP/tree-compression/src/ConsoleApp/bin/Debug/net9.0/Resources/Texts/technical_docs/kernel_docs,1.2041152263374486,1514,00:00:00.7063400,00:00:00.0005160,00:00:00.0001080,1463
"Sharpe v Goodhew (unreported, FCA, Drummond J, Q I6 of 1989, 11 December 1992).txt",1224,/Users/marekberan/Code/SP/tree-compression/src/ConsoleApp/bin/Debug/net9.0/Resources/Texts/legal_papers,1.5106209150326797,1570,00:00:00.7212950,00:00:00.0005980,00:00:00.0001160,1849
Adelaide Stevedoring Co Ltd v Forst [1940] HCA 45 ; (1940) 64 CLR 538.txt,1234,/Users/marekberan/Code/SP/tree-compression/src/ConsoleApp/bin/Debug/net9.0/Resources/Texts/legal_papers,1.4189627228525121,1543,00:00:00.7158060,00:00:00.0005500,00:00:00.0001110,1751
Documentation-bpf-README.rst,1234,/Users/marekberan/Code/SP/tree-compression/src/ConsoleApp/bin/Debug/net9.0/Resources/Texts/technical_docs/kernel_docs,1.4643435980551054,1590,00:00:00.6989650,00:00:00.0002940,00:00:00.0000950,1807
SZFNX v Minister for Immigration and Citizenship [2007] FCA 1980.txt,1246,/Users/marekberan/Code/SP/tree-compression/src/ConsoleApp/bin/Debug/net9.0/Resources/Texts/legal_papers,1.348314606741573,1563,00:00:00.7265410,00:00:00.0008220,00:00:00.0001180,1680
Norm Engineering Pty Ltd v Digga Australia Pty Ltd (2007) 162 FCR 1.txt,1250,/Users/marekberan/Code/SP/tree-compression/src/ConsoleApp/bin/Debug/net9.0/Resources/Texts/legal_papers,1.4304,1582,00:00:00.7335630,00:00:00.0013060,00:00:00.0001180,1788
Documentation-ia64-README,1269,/Users/marekberan/Code/SP/tree-compression/src/ConsoleApp/bin/Debug/net9.0/Resources/Texts/technical_docs/kernel_docs,1.3112687155240346,1622,00:00:00.7080600,00:00:00.0006020,00:00:00.0001100,1664
SZDPY v Minister for Immigration and Multicultural Affairs and Indigenous [2006] FMCA 10.txt,1318,/Users/marekberan/Code/SP/tree-compression/src/ConsoleApp/bin/Debug/net9.0/Resources/Texts/legal_papers,1.4438543247344462,1697,00:00:00.7180930,00:00:00.0006240,00:00:00.0001210,1903
arch-m68k-fpsp040-README,1391,/Users/marekberan/Code/SP/tree-compression/src/ConsoleApp/bin/Debug/net9.0/Resources/Texts/technical_docs/kernel_docs,1.3421998562185478,1739,00:00:00.7491380,00:00:00.0006580,00:00:00.0001170,1867
arch-mips-kvm-00README.txt,1408,/Users/marekberan/Code/SP/tree-compression/src/ConsoleApp/bin/Debug/net9.0/Resources/Texts/technical_docs/kernel_docs,1.4573863636363635,1865,00:00:00.7265900,00:00:00.0007530,00:00:00.0001290,2052
Macleay Nominees Pty Ltd v Belle Property East Pty Ltd [2001] NSWSC 743.txt,1484,/Users/marekberan/Code/SP/tree-compression/src/ConsoleApp/bin/Debug/net9.0/Resources/Texts/legal_papers,1.4137466307277629,1900,00:00:00.7307340,00:00:00.0007660,00:00:00.0001370,2098
Bailey &amp; Co Ltd v Balholm Securities Ltd.txt,1486,/Users/marekberan/Code/SP/tree-compression/src/ConsoleApp/bin/Debug/net9.0/Resources/Texts/legal_papers,1.4353970390309556,1912,00:00:00.7333490,00:00:00.0009700,00:00:00.0002160,2133
Tripodi v R [1961] HCA 22 ; (1961) 104 CLR 1.txt,1508,/Users/marekberan/Code/SP/tree-compression/src/ConsoleApp/bin/Debug/net9.0/Resources/Texts/legal_papers,1.4655172413793103,1972,00:00:00.7415950,00:00:00.0011830,00:00:00.0001850,2210
"R v Macraild (unreported, NSW Court of Criminal Appeal, Sully, Dunford and Simpson JJ, 18 December 1997).txt",1508,/Users/marekberan/Code/SP/tree-compression/src/ConsoleApp/bin/Debug/net9.0/Resources/Texts/legal_papers,1.4655172413793103,1972,00:00:00.8377380,00:00:00.0019850,00:00:00.0001680,2210
Tailby v Official Receiver (1888) 13 App Cas 523.txt,1508,/Users/marekberan/Code/SP/tree-compression/src/ConsoleApp/bin/Debug/net9.0/Resources/Texts/legal_papers,1.3507957559681698,1944,00:00:00.7395780,00:00:00.0006940,00:00:00.0001210,2037
Jianshe Southern Pty Ltd v Turnbull Cooktown Pty Ltd (No 2) [2007] FCA 903.txt,1523,/Users/marekberan/Code/SP/tree-compression/src/ConsoleApp/bin/Debug/net9.0/Resources/Texts/legal_papers,1.4806303348653973,2017,00:00:00.7366340,00:00:00.0006760,00:00:00.0001350,2255
drivers-gpu-drm-i915-gt-shaders-README,1625,/Users/marekberan/Code/SP/tree-compression/src/ConsoleApp/bin/Debug/net9.0/Resources/Texts/technical_docs/kernel_docs,1.2923076923076924,2004,00:00:00.7170270,00:00:00.0006870,00:00:00.0001290,2100
Vaccines Produced by Conventional Means to Control Major Infectious Diseases of Man and Animals.txt,1647,/Users/marekberan/Code/SP/tree-compression/src/ConsoleApp/bin/Debug/net9.0/Resources/Texts/research_papers,1.4268366727383122,2104,00:00:00.7264550,00:00:00.0012270,00:00:00.0001300,2350
drivers-char-mwave-README,1649,/Users/marekberan/Code/SP/tree-compression/src/ConsoleApp/bin/Debug/net9.0/Resources/Texts/technical_docs/kernel_docs,1.1728320194057005,2030,00:00:00.7268750,00:00:00.0020200,00:00:00.0001250,1934
Echo Tasmania Pty Ltd v Imperial Chemical Industries PLC [2008] FCAFC 58.txt,1658,/Users/marekberan/Code/SP/tree-compression/src/ConsoleApp/bin/Debug/net9.0/Resources/Texts/legal_papers,1.4632086851628467,2091,00:00:00.7426170,00:00:00.0010270,00:00:00.0001540,2426
Australian Competition &amp; Consumer Commission v Advanced Medical Institute Pty Ltd (2005) FCA 366.txt,1677,/Users/marekberan/Code/SP/tree-compression/src/ConsoleApp/bin/Debug/net9.0/Resources/Texts/legal_papers,1.4364937388193202,2163,00:00:00.7437190,00:00:00.0011160,00:00:00.0008870,2409
Klewer v Dutch [2000] FCA 509 ; (2000) 99 FCR 217.txt,1699,/Users/marekberan/Code/SP/tree-compression/src/ConsoleApp/bin/Debug/net9.0/Resources/Texts/legal_papers,1.3696291936433196,2114,00:00:00.7317740,00:00:00.0007540,00:00:00.0001310,2327
drivers-lguest-README,1713,/Users/marekberan/Code/SP/tree-compression/src/ConsoleApp/bin/Debug/net9.0/Resources/Texts/technical_docs/kernel_docs,1.4611792177466434,2287,00:00:00.7337540,00:00:00.0009800,00:00:00.0001440,2503
Yorke v Lucas [1985] HCA 65 ; (1985) 158 CLR 661.txt,1755,/Users/marekberan/Code/SP/tree-compression/src/ConsoleApp/bin/Debug/net9.0/Resources/Texts/legal_papers,1.2592592592592593,2224,00:00:00.7303260,00:00:00.0010180,00:00:00.0001360,2210
firmware-README.AddingFirmware,1760,/Users/marekberan/Code/SP/tree-compression/src/ConsoleApp/bin/Debug/net9.0/Resources/Texts/technical_docs/kernel_docs,1.3704545454545454,2241,00:00:00.7445000,00:00:00.0028660,00:00:00.0001430,2412
tools-arch-x86-dell-uart-backlight-emulator-README,1770,/Users/marekberan/Code/SP/tree-compression/src/ConsoleApp/bin/Debug/net9.0/Resources/Texts/technical_docs/kernel_docs,1.4426229508196722,2358,00:00:00.7361100,00:00:00.0010660,00:00:00.0001570,2552
tools-thermal-tmon-README,1775,/Users/marekberan/Code/SP/tree-compression/src/ConsoleApp/bin/Debug/net9.0/Resources/Texts/technical_docs/kernel_docs,1.4123943661971832,2244,00:00:00.7254560,00:00:00.0007870,00:00:00.0001390,2507
Health World Ltd v Shin-Sun Australia Pty Ltd (2006) 68 IPR 557.txt,1789,/Users/marekberan/Code/SP/tree-compression/src/ConsoleApp/bin/Debug/net9.0/Resources/Texts/legal_papers,1.471212968138625,2268,00:00:00.7487190,00:00:00.0009330,00:00:00.0001590,2632
Mann v Carnell [1999] HCA 66 ; (1999) 201 CLR 1.txt,1802,/Users/marekberan/Code/SP/tree-compression/src/ConsoleApp/bin/Debug/net9.0/Resources/Texts/legal_papers,1.3978912319644838,2267,00:00:00.7367980,00:00:00.0007290,00:00:00.0001410,2519
Commissioner for Motor Transport (NSW) v Train [1972] HCA 62 ; (1972) 127 CLR 396.txt,1807,/Users/marekberan/Code/SP/tree-compression/src/ConsoleApp/bin/Debug/net9.0/Resources/Texts/legal_papers,1.442169341449917,2324,00:00:00.7410940,00:00:00.0013010,00:00:00.0001640,2606
Documentation-isdn-README.hfc-pci,1812,/Users/marekberan/Code/SP/tree-compression/src/ConsoleApp/bin/Debug/net9.0/Resources/Texts/technical_docs/kernel_docs,1.3438189845474613,2423,00:00:00.7375660,00:00:00.0015340,00:00:00.0001580,2435
Clinical and CT imaging features of 2019 novel coronavirus disease (COVID-19).txt,1858,/Users/marekberan/Code/SP/tree-compression/src/ConsoleApp/bin/Debug/net9.0/Resources/Texts/research_papers,1.465016146393972,2419,00:00:00.7377700,00:00:00.0010830,00:00:00.0001580,2722
Jefferson Ford Pty Ltd v Ford Motor Company of Australia Ltd and Others [2008] FCAFC 60 (2008) 167 FCR 372.txt,1926,/Users/marekberan/Code/SP/tree-compression/src/ConsoleApp/bin/Debug/net9.0/Resources/Texts/legal_papers,1.3800623052959502,2442,00:00:00.7508990,00:00:00.0013180,00:00:00.0001720,2658
Calderbank v Calderbank [1975] 3 All E R 333.txt,1955,/Users/marekberan/Code/SP/tree-compression/src/ConsoleApp/bin/Debug/net9.0/Resources/Texts/legal_papers,1.0767263427109974,2462,00:00:00.7498140,00:00:00.0008960,00:00:00.0001340,2105
McKinnon v Pattison [2009] FMCA 696.txt,1959,/Users/marekberan/Code/SP/tree-compression/src/ConsoleApp/bin/Debug/net9.0/Resources/Texts/legal_papers,1.248596222562532,2532,00:00:00.7537080,00:00:00.0010140,00:00:00.0001500,2446
Foakes v Beer [1884] 9 App Case 605.txt,1970,/Users/marekberan/Code/SP/tree-compression/src/ConsoleApp/bin/Debug/net9.0/Resources/Texts/legal_papers,1.4426395939086294,2505,00:00:00.7561930,00:00:00.0012040,00:00:00.0001770,2842
Moloney &amp; Anor v Bells Securities Pty Ltd &amp; Ors [2005] QSC 013.txt,1981,/Users/marekberan/Code/SP/tree-compression/src/ConsoleApp/bin/Debug/net9.0/Resources/Texts/legal_papers,1.4098939929328622,2530,00:00:00.7491170,00:00:00.0010810,00:00:00.0001850,2793
Kimberly-Clark Pty Ltd v Arico Trading International Pty Limited [2001] HCA 8 ; (2001) 207 CLR 1.txt,2038,/Users/marekberan/Code/SP/tree-compression/src/ConsoleApp/bin/Debug/net9.0/Resources/Texts/legal_papers,1.4337585868498528,2575,00:00:00.7664710,00:00:00.0014430,00:00:00.0002520,2922
Vista Commercial Construction Pty Ltd v Deputy Commissioner of Taxation (1997) 25 ACSR 285.txt,2062,/Users/marekberan/Code/SP/tree-compression/src/ConsoleApp/bin/Debug/net9.0/Resources/Texts/legal_papers,1.3506304558680893,2668,00:00:00.7633110,00:00:00.0019760,00:00:00.0001920,2785
Australian Naturalcare Products Pty Ltd v McGrath; in the matter of Pan Pharmaceuticals Limited (in liq) [2006] FCA 1403.txt,2066,/Users/marekberan/Code/SP/tree-compression/src/ConsoleApp/bin/Debug/net9.0/Resources/Texts/legal_papers,1.4220716360116166,2600,00:00:00.7590930,00:00:00.0016020,00:00:00.0001890,2938
Comcare v Sassella [2001] FCA 1514 ; (2001) 34 AAR 142.txt,2113,/Users/marekberan/Code/SP/tree-compression/src/ConsoleApp/bin/Debug/net9.0/Resources/Texts/legal_papers,1.2106010411736867,2731,00:00:00.7971530,00:00:00.0038490,00:00:00.0001870,2558
tools-perf-scripts-perl-Perf-Trace-Util-README,2147,/Users/marekberan/Code/SP/tree-compression/src/ConsoleApp/bin/Debug/net9.0/Resources/Texts/technical_docs/kernel_docs,1.3274336283185841,2763,00:00:00.7521980,00:00:00.0016690,00:00:00.0001670,2850
Documentation-isdn-README.syncppp,2167,/Users/marekberan/Code/SP/tree-compression/src/ConsoleApp/bin/Debug/net9.0/Resources/Texts/technical_docs/kernel_docs,1.3853253345639132,2890,00:00:00.7467300,00:00:00.0014380,00:00:00.0001820,3002
Repatriation Commission v Codd [2005] FCA 888.txt,2170,/Users/marekberan/Code/SP/tree-compression/src/ConsoleApp/bin/Debug/net9.0/Resources/Texts/legal_papers,1.2428571428571429,2820,00:00:00.7677440,00:00:00.0034240,00:00:00.0001980,2697
Mobil Oil Australia Limited v Guina Developments Pty Limited [1996] 2 VR 34.txt,2172,/Users/marekberan/Code/SP/tree-compression/src/ConsoleApp/bin/Debug/net9.0/Resources/Texts/legal_papers,1.2628913443830572,2756,00:00:00.7564760,00:00:00.0013040,00:00:00.0001620,2743
"Galea v Federal Commissioner of Taxation (1990) 90 ATC 5,060.txt",2180,/Users/marekberan/Code/SP/tree-compression/src/ConsoleApp/bin/Debug/net9.0/Resources/Texts/legal_papers,1.4206422018348623,2775,00:00:00.7669220,00:00:00.0007860,00:00:00.0001840,3097
Solomons v District Court of New South Wales [2002] HCA 47 ; (2002) 211 CLR 119.txt,2419,/Users/marekberan/Code/SP/tree-compression/src/ConsoleApp/bin/Debug/net9.0/Resources/Texts/legal_papers,1.2418354692021496,3077,00:00:00.7799120,00:00:00.0030860,00:00:00.0002080,3004
drivers-usb-README,2427,/Users/marekberan/Code/SP/tree-compression/src/ConsoleApp/bin/Debug/net9.0/Resources/Texts/technical_docs/kernel_docs,1.007828594973218,3058,00:00:00.7557290,00:00:00.0012950,00:00:00.0001510,2446
F Hoffman-La Roche &amp; Company AG v Secretary of State for Trade and Industry [1975] AC 295.txt,2493,/Users/marekberan/Code/SP/tree-compression/src/ConsoleApp/bin/Debug/net9.0/Resources/Texts/legal_papers,1.3513838748495788,3108,00:00:00.7767500,00:00:00.0019180,00:00:00.0001980,3369
WAGU v Minister for Immigration and Multicultural and Indigenous Affairs [2003] FCA 912.txt,2493,/Users/marekberan/Code/SP/tree-compression/src/ConsoleApp/bin/Debug/net9.0/Resources/Texts/legal_papers,1.3513838748495788,3108,00:00:00.7785050,00:00:00.0009410,00:00:00.0001960,3369
Coronaviridae.txt,2625,/Users/marekberan/Code/SP/tree-compression/src/ConsoleApp/bin/Debug/net9.0/Resources/Texts/research_papers,1.2780952380952382,3269,00:00:00.7651090,00:00:00.0014230,00:00:00.0001780,3355
Hansen Beverage Co v Bickfords (Australia) Pty Ltd [2008] FCAFC 181.txt,2684,/Users/marekberan/Code/SP/tree-compression/src/ConsoleApp/bin/Debug/net9.0/Resources/Texts/legal_papers,1.261177347242921,3401,00:00:00.7942110,00:00:00.0031040,00:00:00.0002220,3385
Adam P Brown Male Fashions Pty Ltd v Philip Morris Inc [1981] HCA 39 ; (1981) 148 CLR 170.txt,2726,/Users/marekberan/Code/SP/tree-compression/src/ConsoleApp/bin/Debug/net9.0/Resources/Texts/legal_papers,1.35986793837124,3498,00:00:00.7835400,00:00:00.0017420,00:00:00.0002160,3707
Documentation-sysctl-README,2729,/Users/marekberan/Code/SP/tree-compression/src/ConsoleApp/bin/Debug/net9.0/Resources/Texts/technical_docs/kernel_docs,1.3946500549651888,3565,00:00:00.7812250,00:00:00.0022810,00:00:00.0002370,3806
tools-include-uapi-README,2742,/Users/marekberan/Code/SP/tree-compression/src/ConsoleApp/bin/Debug/net9.0/Resources/Texts/technical_docs/kernel_docs,1.3114514952589351,3380,00:00:00.7647180,00:00:00.0014360,00:00:00.0002170,3596
Documentation-networking-mac80211_hwsim-README,2808,/Users/marekberan/Code/SP/tree-compression/src/ConsoleApp/bin/Debug/net9.0/Resources/Texts/technical_docs/kernel_docs,1.2980769230769231,3550,00:00:00.7703590,00:00:00.0015010,00:00:00.0002170,3645
arch-m68k-ifpsp060-README,2826,/Users/marekberan/Code/SP/tree-compression/src/ConsoleApp/bin/Debug/net9.0/Resources/Texts/technical_docs/kernel_docs,1.2155752212389381,3640,00:00:00.8056680,00:00:00.0051520,00:00:00.0002150,3434
Chanel Ltd v FW Woolworth &amp; Co Ltd [1981] 1 All ER 745.txt,2867,/Users/marekberan/Code/SP/tree-compression/src/ConsoleApp/bin/Debug/net9.0/Resources/Texts/legal_papers,1.425531914893617,3627,00:00:00.8037580,00:00:00.0020830,00:00:00.0002410,4087
arch-openrisc-README.openrisc,2894,/Users/marekberan/Code/SP/tree-compression/src/ConsoleApp/bin/Debug/net9.0/Resources/Texts/technical_docs/kernel_docs,1.2892190739460954,3756,00:00:00.7521610,00:00:00.0010770,00:00:00.0002010,3731
Repatriation Commission v Tuite [1993] FCA 39 ; (1993) 39 FCR 540.txt,2944,/Users/marekberan/Code/SP/tree-compression/src/ConsoleApp/bin/Debug/net9.0/Resources/Texts/legal_papers,1.2228260869565217,3666,00:00:00.7985310,00:00:00.0053520,00:00:00.0002300,3600
Documentation-litmus-tests-README,2952,/Users/marekberan/Code/SP/tree-compression/src/ConsoleApp/bin/Debug/net9.0/Resources/Texts/technical_docs/kernel_docs,1.2513550135501355,3681,00:00:00.7620040,00:00:00.0049630,00:00:00.0002150,3694
One.Tel Ltd v Commissioner of Taxation [2000] FCA 270 ; (2000) 101 FCR 548.txt,3002,/Users/marekberan/Code/SP/tree-compression/src/ConsoleApp/bin/Debug/net9.0/Resources/Texts/legal_papers,1.3914057295136575,3791,00:00:00.8015660,00:00:00.0032330,00:00:00.0002520,4177
tools-testing-vsock-README,3013,/Users/marekberan/Code/SP/tree-compression/src/ConsoleApp/bin/Debug/net9.0/Resources/Texts/technical_docs/kernel_docs,1.2771324261533354,3861,00:00:00.8087900,00:00:00.0039420,00:00:00.0012840,3848
drivers-hid-bpf-progs-README,3149,/Users/marekberan/Code/SP/tree-compression/src/ConsoleApp/bin/Debug/net9.0/Resources/Texts/technical_docs/kernel_docs,1.2734201333756747,4152,00:00:00.7912920,00:00:00.0032320,00:00:00.0002550,4010
Documentation-wimax-README.wimax,3207,/Users/marekberan/Code/SP/tree-compression/src/ConsoleApp/bin/Debug/net9.0/Resources/Texts/technical_docs/kernel_docs,1.3068288119738074,3949,00:00:00.7811770,00:00:00.0023940,00:00:00.0002260,4191
drivers-block-rnbd-README,3372,/Users/marekberan/Code/SP/tree-compression/src/ConsoleApp/bin/Debug/net9.0/Resources/Texts/technical_docs/kernel_docs,1.2823250296559905,4391,00:00:00.7866300,00:00:00.0021120,00:00:00.0002570,4324
Construction Forestry Mining &amp; Energy Union v Henry Walker Eltin Contracting Pty Ltd (2001) 108 IR 409.txt,3407,/Users/marekberan/Code/SP/tree-compression/src/ConsoleApp/bin/Debug/net9.0/Resources/Texts/legal_papers,1.2759025535661872,4300,00:00:00.8289360,00:00:00.0050840,00:00:00.0002980,4347
tools-memory-model-Documentation-README,3454,/Users/marekberan/Code/SP/tree-compression/src/ConsoleApp/bin/Debug/net9.0/Resources/Texts/technical_docs/kernel_docs,1.1855819339895772,4377,00:00:00.7930880,00:00:00.0039970,00:00:00.0002440,4095
Antoun v The Queen [2006] HCA 2 ; (2006) 224 ALR 51.txt,3518,/Users/marekberan/Code/SP/tree-compression/src/ConsoleApp/bin/Debug/net9.0/Resources/Texts/legal_papers,1.3422399090392267,4451,00:00:00.8374790,00:00:00.0046840,00:00:00.0003060,4722
Documentation-openrisc-README,3535,/Users/marekberan/Code/SP/tree-compression/src/ConsoleApp/bin/Debug/net9.0/Resources/Texts/technical_docs/kernel_docs,1.2828854314002829,4520,00:00:00.7801310,00:00:00.0014250,00:00:00.0002400,4535
"Construction, Forestry, Mining and Energy Union v Coal and Allied Operations Pty Ltd (No 2) [1999] FCA 1714 ; (1999) 94 IR 231.txt",3660,/Users/marekberan/Code/SP/tree-compression/src/ConsoleApp/bin/Debug/net9.0/Resources/Texts/legal_papers,1.1926229508196722,4564,00:00:00.8461830,00:00:00.0043970,00:00:00.0011580,4365
tools-memory-model-scripts-README,3666,/Users/marekberan/Code/SP/tree-compression/src/ConsoleApp/bin/Debug/net9.0/Resources/Texts/technical_docs/kernel_docs,1.1412984178941625,4797,00:00:00.7996670,00:00:00.0056370,00:00:00.0002650,4184
Lake v Bayliss [1974] 2 All ER 1114.txt,3706,/Users/marekberan/Code/SP/tree-compression/src/ConsoleApp/bin/Debug/net9.0/Resources/Texts/legal_papers,1.3572584997301673,4763,00:00:00.8433790,00:00:00.0057720,00:00:00.0004970,5030
Commonwealth v State of Tasmania (Tasmanian Dam Case) [1983] HCA 21 ; (1983) 158 CLR 1.txt,3706,/Users/marekberan/Code/SP/tree-compression/src/ConsoleApp/bin/Debug/net9.0/Resources/Texts/legal_papers,1.2825148407987048,4749,00:00:00.8347600,00:00:00.0038470,00:00:00.0012060,4753
Documentation-arm-sunxi-README,3771,/Users/marekberan/Code/SP/tree-compression/src/ConsoleApp/bin/Debug/net9.0/Resources/Texts/technical_docs/kernel_docs,1.0047732696897376,3980,00:00:00.7444470,00:00:00.0009950,00:00:00.0001520,3789
Documentation-mips-AU1xxx_IDE.README,3775,/Users/marekberan/Code/SP/tree-compression/src/ConsoleApp/bin/Debug/net9.0/Resources/Texts/technical_docs/kernel_docs,1.31841059602649,4730,00:00:00.8878190,00:00:00.0043770,00:00:00.0002870,4977
Documentation-arm-nwfpe-README,3796,/Users/marekberan/Code/SP/tree-compression/src/ConsoleApp/bin/Debug/net9.0/Resources/Texts/technical_docs/kernel_docs,1.321917808219178,4873,00:00:00.8496410,00:00:00.0043060,00:00:00.0004480,5018
tools-perf-tests-attr-README,3853,/Users/marekberan/Code/SP/tree-compression/src/ConsoleApp/bin/Debug/net9.0/Resources/Texts/technical_docs/kernel_docs,1.0410070075266027,4356,00:00:00.8891540,00:00:00.0052350,00:00:00.0002730,4011
Documentation-ABI-README,4033,/Users/marekberan/Code/SP/tree-compression/src/ConsoleApp/bin/Debug/net9.0/Resources/Texts/technical_docs/kernel_docs,1.202082816761716,5131,00:00:00.8253300,00:00:00.0069530,00:00:00.0003200,4848
Documentation-networking-caif-README,4106,/Users/marekberan/Code/SP/tree-compression/src/ConsoleApp/bin/Debug/net9.0/Resources/Texts/technical_docs/kernel_docs,1.1855820750121773,4904,00:00:00.8115770,00:00:00.0057590,00:00:00.0003390,4868
Haritopoulos Pty Ltd v Deputy Commissioner of Taxation [2007] FCA 394.txt,4276,/Users/marekberan/Code/SP/tree-compression/src/ConsoleApp/bin/Debug/net9.0/Resources/Texts/legal_papers,1.1601964452759588,5303,00:00:00.8713190,00:00:00.0073920,00:00:00.0003340,4961
tools-virtio-virtio-trace-README,4278,/Users/marekberan/Code/SP/tree-compression/src/ConsoleApp/bin/Debug/net9.0/Resources/Texts/technical_docs/kernel_docs,1.2893875642823749,5690,00:00:00.8335960,00:00:00.0082510,00:00:00.0003390,5516
Bay Marine Pty Ltd v Clayton Country Properties Pty Ltd (1986) 8 NSWLR 104.txt,4606,/Users/marekberan/Code/SP/tree-compression/src/ConsoleApp/bin/Debug/net9.0/Resources/Texts/legal_papers,1.2633521493703865,5834,00:00:00.9118860,00:00:00.0104420,00:00:00.0003770,5819
Minister for Immigration and Multicultural Affairs v Israelian [2001] HCA 30 ; (2001) 206 CLR 323.txt,4655,/Users/marekberan/Code/SP/tree-compression/src/ConsoleApp/bin/Debug/net9.0/Resources/Texts/legal_papers,1.1082706766917294,5894,00:00:00.8705930,00:00:00.0082210,00:00:00.0017270,5159
Documentation-sound-oss-README.modules,4682,/Users/marekberan/Code/SP/tree-compression/src/ConsoleApp/bin/Debug/net9.0/Resources/Texts/technical_docs/kernel_docs,1.2787270397266126,6232,00:00:00.8684850,00:00:00.0082530,00:00:00.0003890,5987
tools-perf-pmu-events-README,4815,/Users/marekberan/Code/SP/tree-compression/src/ConsoleApp/bin/Debug/net9.0/Resources/Texts/technical_docs/kernel_docs,1.2949117341640706,6270,00:00:00.8689190,00:00:00.0133830,00:00:00.0004100,6235
Concrete Constructions (NSW) Pty Limited v Nelson [1990] HCA 17 ; (1990) 169 CLR 594.txt,4921,/Users/marekberan/Code/SP/tree-compression/src/ConsoleApp/bin/Debug/net9.0/Resources/Texts/legal_papers,1.187563503352977,6143,00:00:00.9089410,00:00:00.0139570,00:00:00.0003940,5844
Comment COVID-19: the gendered impacts of the outbreak.txt,4973,/Users/marekberan/Code/SP/tree-compression/src/ConsoleApp/bin/Debug/net9.0/Resources/Texts/research_papers,1.1980695757088278,6161,00:00:00.8797200,00:00:00.0060110,00:00:00.0003530,5958
arch-m68k-q40-README,5466,/Users/marekberan/Code/SP/tree-compression/src/ConsoleApp/bin/Debug/net9.0/Resources/Texts/technical_docs/kernel_docs,1.372484449323088,7054,00:00:00.9013190,00:00:00.0074720,00:00:00.0004380,7502
Microbial Forensics Host Factors.txt,5474,/Users/marekberan/Code/SP/tree-compression/src/ConsoleApp/bin/Debug/net9.0/Resources/Texts/research_papers,1.315856777493606,6905,00:00:00.9075070,00:00:00.0065190,00:00:00.0004120,7203
tools-lib-bpf-README.rst,5613,/Users/marekberan/Code/SP/tree-compression/src/ConsoleApp/bin/Debug/net9.0/Resources/Texts/technical_docs/kernel_docs,1.179226794940317,7065,00:00:00.8702010,00:00:00.0113560,00:00:00.0004260,6619
Documentation-arm-Microchip-README,5823,/Users/marekberan/Code/SP/tree-compression/src/ConsoleApp/bin/Debug/net9.0/Resources/Texts/technical_docs/kernel_docs,1.1008071440838056,6281,00:00:00.8243330,00:00:00.0040740,00:00:00.0003140,6410
Documentation-arm-Atmel-README,5858,/Users/marekberan/Code/SP/tree-compression/src/ConsoleApp/bin/Debug/net9.0/Resources/Texts/technical_docs/kernel_docs,1.1135199726869238,6304,00:00:00.8275770,00:00:00.0042110,00:00:00.0003010,6523
Documentation-arm-nwfpe-README.FPE,6029,/Users/marekberan/Code/SP/tree-compression/src/ConsoleApp/bin/Debug/net9.0/Resources/Texts/technical_docs/kernel_docs,1.2750041466246476,8577,00:00:00.9141420,00:00:00.0127480,00:00:00.0005490,7687
Forstaff Pty Ltd v Chief Commissioner of State Revenue (2004) 144 IR 1.txt,6066,/Users/marekberan/Code/SP/tree-compression/src/ConsoleApp/bin/Debug/net9.0/Resources/Texts/legal_papers,1.2034289482360698,7503,00:00:00.9522010,00:00:00.0146570,00:00:00.0004490,7300
"Secretary, Department of Family and Community Services v Geeves [2004] FCAFC 166 ; (2004) 136 FCR 134.txt",6194,/Users/marekberan/Code/SP/tree-compression/src/ConsoleApp/bin/Debug/net9.0/Resources/Texts/legal_papers,0.9806264126574104,7930,00:00:00.9684980,00:00:00.0149600,00:00:00.0004360,6074
Documentation-isdn-README.diversion,6223,/Users/marekberan/Code/SP/tree-compression/src/ConsoleApp/bin/Debug/net9.0/Resources/Texts/technical_docs/kernel_docs,1.1698537682789651,7687,00:00:00.9238750,00:00:00.0161250,00:00:00.0004740,7280
Documentation-cris-README,6390,/Users/marekberan/Code/SP/tree-compression/src/ConsoleApp/bin/Debug/net9.0/Resources/Texts/technical_docs/kernel_docs,1.222848200312989,8015,00:00:00.9652350,00:00:00.0157750,00:00:00.0005060,7814
Documentation-early-userspace-README,6797,/Users/marekberan/Code/SP/tree-compression/src/ConsoleApp/bin/Debug/net9.0/Resources/Texts/technical_docs/kernel_docs,1.1447697513608945,8699,00:00:00.9453440,00:00:00.0185210,00:00:00.0005070,7781
Comment Responding to health emergencies in the Eastern Mediterranean region in times of conflict.txt,7007,/Users/marekberan/Code/SP/tree-compression/src/ConsoleApp/bin/Debug/net9.0/Resources/Texts/research_papers,1.2880388238652583,8869,00:00:00.9399760,00:00:00.0120470,00:00:00.0005380,9024
fs-jffs2-README.Locking,7068,/Users/marekberan/Code/SP/tree-compression/src/ConsoleApp/bin/Debug/net9.0/Resources/Texts/technical_docs/kernel_docs,1.1187040181097907,9120,00:00:00.9608060,00:00:00.0193480,00:00:00.0005190,7907
Comment 664 www.txt,7172,/Users/marekberan/Code/SP/tree-compression/src/ConsoleApp/bin/Debug/net9.0/Resources/Texts/research_papers,1.2492329149232915,9024,00:00:00.9519470,00:00:00.0140150,00:00:00.0005180,8957
Documentation-isdn-README.x25,7240,/Users/marekberan/Code/SP/tree-compression/src/ConsoleApp/bin/Debug/net9.0/Resources/Texts/technical_docs/kernel_docs,1.2337016574585635,9513,00:00:00.9736180,00:00:00.0184000,00:00:00.0005500,8932
fs-reiserfs-README,7297,/Users/marekberan/Code/SP/tree-compression/src/ConsoleApp/bin/Debug/net9.0/Resources/Texts/technical_docs/kernel_docs,1.263944086610936,9301,00:00:00.9851240,00:00:00.0132680,00:00:00.0005860,9223
tools-memory-model-README,7411,/Users/marekberan/Code/SP/tree-compression/src/ConsoleApp/bin/Debug/net9.0/Resources/Texts/technical_docs/kernel_docs,1.1391175279989205,9415,00:00:00.9261280,00:00:00.0198930,00:00:00.0005420,8442
tools-testing-selftests-tc-testing-README,7538,/Users/marekberan/Code/SP/tree-compression/src/ConsoleApp/bin/Debug/net9.0/Resources/Texts/technical_docs/kernel_docs,1.1943486335898117,9733,00:00:00.9911240,00:00:00.0235480,00:00:00.0009100,9003
fs-cramfs-README,7658,/Users/marekberan/Code/SP/tree-compression/src/ConsoleApp/bin/Debug/net9.0/Resources/Texts/technical_docs/kernel_docs,1.2112823191433795,10193,00:00:00.9935940,00:00:00.0257490,00:00:00.0015580,9276
drivers-net-wireless-marvell-libertas-README,7694,/Users/marekberan/Code/SP/tree-compression/src/ConsoleApp/bin/Debug/net9.0/Resources/Texts/technical_docs/kernel_docs,1.1614454699077084,9754,00:00:00.9757710,00:00:00.0151960,00:00:00.0011190,8935
Comment.txt,7703,/Users/marekberan/Code/SP/tree-compression/src/ConsoleApp/bin/Debug/net9.0/Resources/Texts/research_papers,1.1864208749837726,9676,00:00:01.0006670,00:00:00.0153720,00:00:00.0005530,9139
Documentation-m68k-README.buddha,7704,/Users/marekberan/Code/SP/tree-compression/src/ConsoleApp/bin/Debug/net9.0/Resources/Texts/technical_docs/kernel_docs,1.3148124107490589,10274,00:00:01.0335940,00:00:00.0201780,00:00:00.0006820,10128
Documentation-arm-README,7782,/Users/marekberan/Code/SP/tree-compression/src/ConsoleApp/bin/Debug/net9.0/Resources/Texts/technical_docs/kernel_docs,1.2451811873554357,9958,00:00:00.9857370,00:00:00.0249890,00:00:00.0006060,9690
Documentation-isdn-README.hysdn,7945,/Users/marekberan/Code/SP/tree-compression/src/ConsoleApp/bin/Debug/net9.0/Resources/Texts/technical_docs/kernel_docs,1.1715544367526747,9887,00:00:00.9894910,00:00:00.0222300,00:00:00.0006010,9308
tools-net-sunrpc-xdrgen-README,8126,/Users/marekberan/Code/SP/tree-compression/src/ConsoleApp/bin/Debug/net9.0/Resources/Texts/technical_docs/kernel_docs,1.1916071868077776,10561,00:00:00.9982600,00:00:00.0232320,00:00:00.0005970,9683
Documentation-wimax-README.i2400m,9750,/Users/marekberan/Code/SP/tree-compression/src/ConsoleApp/bin/Debug/net9.0/Resources/Texts/technical_docs/kernel_docs,1.1715897435897435,12068,00:00:01.0285590,00:00:00.0233740,00:00:00.0006730,11423
Documentation-networking-README.sb1000,9783,/Users/marekberan/Code/SP/tree-compression/src/ConsoleApp/bin/Debug/net9.0/Resources/Texts/technical_docs/kernel_docs,1.1902279464376981,12953,00:00:01.0843240,00:00:00.0324820,00:00:00.0007710,11644
tools-memory-model-litmus-tests-README,9822,/Users/marekberan/Code/SP/tree-compression/src/ConsoleApp/bin/Debug/net9.0/Resources/Texts/technical_docs/kernel_docs,1.0726939523518633,12953,00:00:01.0657140,00:00:00.0465650,00:00:00.0007770,10536
drivers-infiniband-ulp-rtrs-README,10169,/Users/marekberan/Code/SP/tree-compression/src/ConsoleApp/bin/Debug/net9.0/Resources/Texts/technical_docs/kernel_docs,0.9475857999803324,12606,00:00:01.0682810,00:00:00.0305800,00:00:00.0006920,9636
Documentation-isdn-README.concap,10745,/Users/marekberan/Code/SP/tree-compression/src/ConsoleApp/bin/Debug/net9.0/Resources/Texts/technical_docs/kernel_docs,1.0413215449046067,13461,00:00:01.0761550,00:00:00.0283490,00:00:00.0007690,11189
Documentation-networking-README.ipw2100,11180,/Users/marekberan/Code/SP/tree-compression/src/ConsoleApp/bin/Debug/net9.0/Resources/Texts/technical_docs/kernel_docs,1.1491949910554562,14141,00:00:01.1213120,00:00:00.0407730,00:00:00.0008270,12848
drivers-comedi-drivers-ni_routing-README,12297,/Users/marekberan/Code/SP/tree-compression/src/ConsoleApp/bin/Debug/net9.0/Resources/Texts/technical_docs/kernel_docs,0.9843864357160284,13251,00:00:01.1141740,00:00:00.0367100,00:00:00.0007690,12105
Ruddock v Taylor (2005) 222 CLR 612.txt,13098,/Users/marekberan/Code/SP/tree-compression/src/ConsoleApp/bin/Debug/net9.0/Resources/Texts/legal_papers,1.0684837379752634,16534,00:00:01.3087130,00:00:00.0411890,00:00:00.0010420,13995
Documentation-networking-README.ipw2200,15968,/Users/marekberan/Code/SP/tree-compression/src/ConsoleApp/bin/Debug/net9.0/Resources/Texts/technical_docs/kernel_docs,1.1003256513026052,20373,00:00:01.3056870,00:00:00.0708750,00:00:00.0011250,17570
Documentation-isdn-README.gigaset,17128,/Users/marekberan/Code/SP/tree-compression/src/ConsoleApp/bin/Debug/net9.0/Resources/Texts/technical_docs/kernel_docs,0.9941032227930874,19977,00:00:01.2951270,00:00:00.0746350,00:00:00.0011640,17027
Documentation-arm-Marvell-README,17704,/Users/marekberan/Code/SP/tree-compression/src/ConsoleApp/bin/Debug/net9.0/Resources/Texts/technical_docs/kernel_docs,0.9289426118391324,19515,00:00:01.1272390,00:00:00.0470090,00:00:00.0007850,16446
Employee_Ip_Laws.txt,18801,/Users/marekberan/Code/SP/tree-compression/src/ConsoleApp/bin/Debug/net9.0/Resources/Texts/legal_papers,0.8549255960317884,23732,00:00:01.5121200,00:00:00.0604570,00:00:00.0012750,16029
arch-x86-math-emu-README,21575,/Users/marekberan/Code/SP/tree-compression/src/ConsoleApp/bin/Debug/net9.0/Resources/Texts/technical_docs/kernel_docs,1.0677636152954808,24357,00:00:01.4577530,00:00:00.0447060,00:00:00.0014020,23037
Documentation-isdn-README.HiSax,23589,/Users/marekberan/Code/SP/tree-compression/src/ConsoleApp/bin/Debug/net9.0/Resources/Texts/technical_docs/kernel_docs,1.1033108652337955,28778,00:00:01.7803870,00:00:00.0979200,00:00:00.0018140,26026
Of_Education.txt,27805,/Users/marekberan/Code/SP/tree-compression/src/ConsoleApp/bin/Debug/net9.0/Resources/Texts/prose,1.1665287918569938,34845,00:00:02.1053130,00:00:00.1732100,00:00:00.0020700,32433
Documentation-isdn-README,29241,/Users/marekberan/Code/SP/tree-compression/src/ConsoleApp/bin/Debug/net9.0/Resources/Texts/technical_docs/kernel_docs,0.9735978112175102,32080,00:00:01.6957270,00:00:00.1258030,00:00:00.0020910,28468
THE_HISTORY_OF_BRITAIN.txt,32831,/Users/marekberan/Code/SP/tree-compression/src/ConsoleApp/bin/Debug/net9.0/Resources/Texts/prose,1.1467353218975656,41898,00:00:02.3353360,00:00:00.2162440,00:00:00.0024780,37637
Documentation-blockdev-README.DAC960,34730,/Users/marekberan/Code/SP/tree-compression/src/ConsoleApp/bin/Debug/net9.0/Resources/Texts/technical_docs/kernel_docs,0.9501871580765908,43446,00:00:02.1749010,00:00:00.0919720,00:00:00.0033050,33000
Of_Prelatical_Episcopacy.txt,39068,/Users/marekberan/Code/SP/tree-compression/src/ConsoleApp/bin/Debug/net9.0/Resources/Texts/prose,1.0901141171945121,48739,00:00:02.8610060,00:00:00.2443770,00:00:00.0030000,42509
Documentation-filesystems-cifs-README,39196,/Users/marekberan/Code/SP/tree-compression/src/ConsoleApp/bin/Debug/net9.0/Resources/Texts/technical_docs/kernel_docs,0.9960965404633125,48592,00:00:02.3939470,00:00:00.1624000,00:00:00.0027740,39043
McIlhenny Co v Blue Yonder Holdings Pty Ltd formerly t_as Tabasco Design (1997) 149 ALR 496; (1997) 39 IPR 187.txt,39658,/Users/marekberan/Code/SP/tree-compression/src/ConsoleApp/bin/Debug/net9.0/Resources/Texts/legal_papers,1.0029250088254578,50257,00:00:02.6451920,00:00:00.2443420,00:00:00.0035630,39774
old-man-and-the-sea.txt,42349,/Users/marekberan/Code/SP/tree-compression/src/ConsoleApp/bin/Debug/net9.0/Resources/Texts/prose,1.092280809464214,56408,00:00:02.7705350,00:00:00.2842390,00:00:00.0033720,46257
The United States Constitution by United States.txt,48547,/Users/marekberan/Code/SP/tree-compression/src/ConsoleApp/bin/Debug/net9.0/Resources/Texts/legal_papers,0.9299007444168734,59250,00:00:03.1082100,00:00:00.2570430,00:00:00.0065630,44970
Macbeth by William Shakespeare.txt,56734,/Users/marekberan/Code/SP/tree-compression/src/ConsoleApp/bin/Debug/net9.0/Resources/Texts/prose,1.2161730389517142,78662,00:00:03.1616960,00:00:00.4646020,00:00:00.0053960,67753
"Hamlet, Prince of Denmark by William Shakespeare",58874,/Users/marekberan/Code/SP/tree-compression/src/ConsoleApp/bin/Debug/net9.0/Resources/Texts/prose,1.1963274648493296,81107,00:00:03.3228460,00:00:00.4851790,00:00:00.0101330,69515
The_readie_and_easie_way_to_establish_a_free_Commonwealth.txt,63983,/Users/marekberan/Code/SP/tree-compression/src/ConsoleApp/bin/Debug/net9.0/Resources/Texts/prose,1.0550962034417544,79598,00:00:04.2281570,00:00:00.4316150,00:00:00.0068000,67504
Colasterion.txt,65479,/Users/marekberan/Code/SP/tree-compression/src/ConsoleApp/bin/Debug/net9.0/Resources/Texts/prose,1.0731249140919712,83556,00:00:04.0246000,00:00:00.4618370,00:00:00.0072710,70265
A_Treatise_of_Civil_power_in_Ecclesiastical_causes.txt,66174,/Users/marekberan/Code/SP/tree-compression/src/ConsoleApp/bin/Debug/net9.0/Resources/Texts/prose,1.0171071919723143,83626,00:00:04.1053130,00:00:00.4729760,00:00:00.0092740,67303
Documentation-sound-oss-README.OSS,68526,/Users/marekberan/Code/SP/tree-compression/src/ConsoleApp/bin/Debug/net9.0/Resources/Texts/technical_docs/kernel_docs,0.9163237311385459,89947,00:00:03.8577880,00:00:00.4364840,00:00:00.0052860,62792
The_Doctrine_and_Discipline_of_Divorce.txt,76050,/Users/marekberan/Code/SP/tree-compression/src/ConsoleApp/bin/Debug/net9.0/Resources/Texts/prose,1.0702451083526194,95738,00:00:04.8303280,00:00:00.5373800,00:00:00.0114170,81390
R.U.R. (Rossum's Universal Robots) by Karel apek.txt,78105,/Users/marekberan/Code/SP/tree-compression/src/ConsoleApp/bin/Debug/net9.0/Resources/Texts/prose,1.2123937383371346,115281,00:00:03.8615690,00:00:00.8090640,00:00:00.0069050,93558
Faust [part 1]. Translated Into English in the Original Metres by Goethe.txt,78280,/Users/marekberan/Code/SP/tree-compression/src/ConsoleApp/bin/Debug/net9.0/Resources/Texts/prose,1.2097497319017534,100483,00:00:04.1688160,00:00:00.6096750,00:00:00.0079670,93631
The_Reason_of_Church_Government.txt,79859,/Users/marekberan/Code/SP/tree-compression/src/ConsoleApp/bin/Debug/net9.0/Resources/Texts/prose,1.064226502041123,100463,00:00:04.8200510,00:00:00.5532770,00:00:00.0057730,84987
Beowulf: An Anglo-Saxon Epic Poem by J. Lesslie Hall.txt,84122,/Users/marekberan/Code/SP/tree-compression/src/ConsoleApp/bin/Debug/net9.0/Resources/Texts/prose,1.1114060881677164,101453,00:00:04.0610320,00:00:00.2645160,00:00:00.0118690,93357
" Christmas Carol in Prose; Being a Ghost Story of Christmas by Charles Dickens.txt",90889,/Users/marekberan/Code/SP/tree-compression/src/ConsoleApp/bin/Debug/net9.0/Resources/Texts/prose,1.0909380982769623,119764,00:00:05.0900450,00:00:00.7137750,00:00:00.0122550,99151
The_Tenure_of_Kings_and_Magistrates.txt,94233,/Users/marekberan/Code/SP/tree-compression/src/ConsoleApp/bin/Debug/net9.0/Resources/Texts/prose,1.0426661006155806,119168,00:00:05.7522530,00:00:00.6343390,00:00:00.0089660,98240
The War of the Worlds by H. G. Wells.txt,97009,/Users/marekberan/Code/SP/tree-compression/src/ConsoleApp/bin/Debug/net9.0/Resources/Texts/prose,1.036303390393884,124261,00:00:05.5167610,00:00:00.6803150,00:00:00.0099660,99767
Areopagitica.txt,101515,/Users/marekberan/Code/SP/tree-compression/src/ConsoleApp/bin/Debug/net9.0/Resources/Texts/prose,1.0723244105969398,127761,00:00:06.1384880,00:00:00.7644700,00:00:00.0190710,108842
Alice's Adventures in Wonderland by Lewis Carroll.txt,101860,/Users/marekberan/Code/SP/tree-compression/src/ConsoleApp/bin/Debug/net9.0/Resources/Texts/prose,1.0305745484233084,131400,00:00:05.6991090,00:00:00.7546840,00:00:00.0121840,100986
The Great Gatsby by F. Scott Fitzgerald.txt,102359,/Users/marekberan/Code/SP/tree-compression/src/ConsoleApp/bin/Debug/net9.0/Resources/Texts/prose,1.0901069303746582,130383,00:00:05.6998330,00:00:00.7730260,00:00:00.0110090,108470
Prolusions.txt,107584,/Users/marekberan/Code/SP/tree-compression/src/ConsoleApp/bin/Debug/net9.0/Resources/Texts/prose,1.2393508553302368,130459,00:00:05.2142800,00:00:00.5531170,00:00:00.0068650,131277
A Study in Scarlet by Arthur Conan Doyle.txt,109098,/Users/marekberan/Code/SP/tree-compression/src/ConsoleApp/bin/Debug/net9.0/Resources/Texts/prose,1.0879275824144836,141714,00:00:05.7625840,00:00:00.7552760,00:00:00.0114670,115737
Cranford by Elizabeth Cleghorn Gaskell.txt,114009,/Users/marekberan/Code/SP/tree-compression/src/ConsoleApp/bin/Debug/net9.0/Resources/Texts/prose,1.0376780626780626,144036,00:00:06.2282990,00:00:00.8322510,00:00:00.0109340,116552
